CustomerID,CustomerName,Email,City,State,PinCode,CustomerSegment
C2001,Amit Raj,amit.raj1@example.com,Nagercoil,Tamil Nadu,627721,Occasional
C2002,Arjun Kumar,arjun.kumar2@example.com,Kanchipuram,Tamil Nadu,635432,Prime
C2003,Lakshmi Rao,lakshmi.rao3@example.com,Tiruchirappalli,Tamil Nadu,632946,Prime
C2004,Ajay Subramanian,ajay.subramanian4@example.com,Salem,Tamil Nadu,602216,Prime
C2005,Amit Subramanian,amit.subramanian5@example.com,Chennai,Tamil Nadu,630445,Regular
C2006,Suresh Balaji,suresh.balaji6@example.com,Kanchipuram,Tamil Nadu,608406,Regular
C2007,Vishal Khan,vishal.khan7@example.com,Tiruchirappalli,Tamil Nadu,633282,Regular
C2008,Vikram Raj,vikram.raj8@example.com,Erode,Tamil Nadu,601425,Prime
C2009,Sneha Patel,sneha.patel9@example.com,Dindigul,Tamil Nadu,628579,Prime
C2010,Kavya Sharma,kavya.sharma10@example.com,Tirunelveli,Tamil Nadu,613060,Regular
C2011,Karthik Natarajan,karthik.natarajan11@example.com,Nagercoil,Tamil Nadu,610404,Occasional
C2012,Neha Iyer,neha.iyer12@example.com,Kanchipuram,Tamil Nadu,607779,Occasional
C2013,Pooja Patel,pooja.patel13@example.com,Erode,Tamil Nadu,625853,Occasional
C2014,Rohit Iyer,rohit.iyer14@example.com,Dindigul,Tamil Nadu,623655,Occasional
C2015,Lakshmi Nair,lakshmi.nair15@example.com,Erode,Tamil Nadu,619977,Regular
C2016,Arjun Natarajan,arjun.natarajan16@example.com,Coimbatore,Tamil Nadu,608633,Regular
C2017,Rohit Balaji,rohit.balaji17@example.com,Erode,Tamil Nadu,628055,Prime
C2018,Neha Iyer,neha.iyer18@example.com,Ramanathapuram,Tamil Nadu,637175,Prime
C2019,Amit Reddy,amit.reddy19@example.com,Erode,Tamil Nadu,630303,Occasional
C2020,Sneha Gowda,sneha.gowda20@example.com,Ramanathapuram,Tamil Nadu,631440,Occasional
C2021,Ajay Iyer,ajay.iyer21@example.com,Thoothukudi,Tamil Nadu,603937,Regular
C2022,Suresh Raj,suresh.raj22@example.com,Chennai,Tamil Nadu,628520,Occasional
C2023,Amit Singh,amit.singh23@example.com,Tirunelveli,Tamil Nadu,639989,Regular
C2024,Sanjay Patel,sanjay.patel24@example.com,Vellore,Tamil Nadu,634423,Regular
C2025,Vikram Natarajan,vikram.natarajan25@example.com,Ramanathapuram,Tamil Nadu,624303,Occasional
C2026,Sneha Reddy,sneha.reddy26@example.com,Dindigul,Tamil Nadu,612071,Regular
C2027,Ananya Singh,ananya.singh27@example.com,Tirunelveli,Tamil Nadu,608100,Occasional
C2028,Lakshmi Balaji,lakshmi.balaji28@example.com,Ramanathapuram,Tamil Nadu,613791,Prime
C2029,Mani Rao,mani.rao29@example.com,Coimbatore,Tamil Nadu,619521,Prime
C2030,Vishal Raj,vishal.raj30@example.com,Salem,Tamil Nadu,640537,Occasional
C2031,Ananya Ilangovan,ananya.ilangovan31@example.com,Chennai,Tamil Nadu,606344,Occasional
C2032,Karthik Reddy,karthik.reddy32@example.com,Karur,Tamil Nadu,634355,Regular
C2033,Ananya Natarajan,ananya.natarajan33@example.com,Ramanathapuram,Tamil Nadu,633422,Occasional
C2034,Sanjay Reddy,sanjay.reddy34@example.com,Dindigul,Tamil Nadu,626522,Regular
C2035,Sneha Nair,sneha.nair35@example.com,Coimbatore,Tamil Nadu,613300,Regular
C2036,Amit Menon,amit.menon36@example.com,Coimbatore,Tamil Nadu,611969,Prime
C2037,Meena Balaji,meena.balaji37@example.com,Chennai,Tamil Nadu,636971,Regular
C2038,Pooja Gowda,pooja.gowda38@example.com,Kanchipuram,Tamil Nadu,620951,Occasional
C2039,Pooja Reddy,pooja.reddy39@example.com,Thoothukudi,Tamil Nadu,602925,Prime
C2040,Sneha Ilangovan,sneha.ilangovan40@example.com,Salem,Tamil Nadu,614789,Regular
C2041,Meena Ilangovan,meena.ilangovan41@example.com,Salem,Tamil Nadu,639189,Prime
C2042,Suresh Khan,suresh.khan42@example.com,Madurai,Tamil Nadu,639120,Regular
C2043,Lakshmi Rao,lakshmi.rao43@example.com,Kanchipuram,Tamil Nadu,612553,Regular
C2044,Kavya Natarajan,kavya.natarajan44@example.com,Karur,Tamil Nadu,611965,Regular
C2045,Sanjay Natarajan,sanjay.natarajan45@example.com,Tirunelveli,Tamil Nadu,625907,Regular
C2046,Suresh Reddy,suresh.reddy46@example.com,Nagercoil,Tamil Nadu,617624,Regular
C2047,Sneha Nair,sneha.nair47@example.com,Vellore,Tamil Nadu,611968,Occasional
C2048,Pooja Rao,pooja.rao48@example.com,Karur,Tamil Nadu,637299,Prime
C2049,Neha Joseph,neha.joseph49@example.com,Vellore,Tamil Nadu,617685,Occasional
C2050,Vikram Singh,vikram.singh50@example.com,Dindigul,Tamil Nadu,614950,Prime
C2051,Sneha Menon,sneha.menon51@example.com,Nagercoil,Tamil Nadu,625300,Occasional
C2052,Kavya Patel,kavya.patel52@example.com,Dindigul,Tamil Nadu,600955,Regular
C2053,Meena Menon,meena.menon53@example.com,Tiruchirappalli,Tamil Nadu,617832,Regular
C2054,Arjun Iyer,arjun.iyer54@example.com,Tiruchirappalli,Tamil Nadu,626460,Occasional
C2055,Karthik Iyer,karthik.iyer55@example.com,Ramanathapuram,Tamil Nadu,600807,Occasional
C2056,Pooja Ilangovan,pooja.ilangovan56@example.com,Nagercoil,Tamil Nadu,607805,Regular
C2057,Vishal Balaji,vishal.balaji57@example.com,Thoothukudi,Tamil Nadu,618237,Regular
C2058,Karthik Natarajan,karthik.natarajan58@example.com,Vellore,Tamil Nadu,635383,Prime
C2059,Kavya Sharma,kavya.sharma59@example.com,Madurai,Tamil Nadu,625389,Occasional
C2060,Amit Subramanian,amit.subramanian60@example.com,Madurai,Tamil Nadu,635338,Regular
C2061,Pooja Iyer,pooja.iyer61@example.com,Dindigul,Tamil Nadu,634667,Occasional
C2062,Meena Gowda,meena.gowda62@example.com,Erode,Tamil Nadu,619978,Regular
C2063,Arjun Das,arjun.das63@example.com,Tirunelveli,Tamil Nadu,622793,Regular
C2064,Sneha Menon,sneha.menon64@example.com,Kanchipuram,Tamil Nadu,624156,Regular
C2065,Neha Kumar,neha.kumar65@example.com,Erode,Tamil Nadu,605005,Occasional
C2066,Mani Singh,mani.singh66@example.com,Coimbatore,Tamil Nadu,600566,Regular
C2067,Vikram Kumar,vikram.kumar67@example.com,Dindigul,Tamil Nadu,626705,Prime
C2068,Deepa Menon,deepa.menon68@example.com,Karur,Tamil Nadu,637238,Occasional
C2069,Deepa Kaur,deepa.kaur69@example.com,Vellore,Tamil Nadu,617689,Regular
C2070,Priya Natarajan,priya.natarajan70@example.com,Nagercoil,Tamil Nadu,635928,Occasional
C2071,Amit Patel,amit.patel71@example.com,Coimbatore,Tamil Nadu,624291,Regular
C2072,Ajay Raj,ajay.raj72@example.com,Tiruchirappalli,Tamil Nadu,612465,Regular
C2073,Arjun Natarajan,arjun.natarajan73@example.com,Coimbatore,Tamil Nadu,618782,Regular
C2074,Deepa Nair,deepa.nair74@example.com,Karur,Tamil Nadu,604537,Regular
C2075,Ajay Patel,ajay.patel75@example.com,Tirunelveli,Tamil Nadu,605308,Prime
C2076,Suresh Khan,suresh.khan76@example.com,Ramanathapuram,Tamil Nadu,612068,Regular
C2077,Mani Khan,mani.khan77@example.com,Kanchipuram,Tamil Nadu,635256,Regular
C2078,Kavya Gowda,kavya.gowda78@example.com,Kanchipuram,Tamil Nadu,608396,Regular
C2079,Sanjay Subramanian,sanjay.subramanian79@example.com,Madurai,Tamil Nadu,614450,Occasional
C2080,Sanjay Khan,sanjay.khan80@example.com,Nagercoil,Tamil Nadu,610210,Occasional
C2081,Sneha Sharma,sneha.sharma81@example.com,Nagercoil,Tamil Nadu,616050,Regular
C2082,Ajay Subramanian,ajay.subramanian82@example.com,Tiruchirappalli,Tamil Nadu,611553,Prime
C2083,Ananya Kaur,ananya.kaur83@example.com,Chennai,Tamil Nadu,625330,Prime
C2084,Deepa Khan,deepa.khan84@example.com,Coimbatore,Tamil Nadu,600262,Prime
C2085,Rohit Ilangovan,rohit.ilangovan85@example.com,Ramanathapuram,Tamil Nadu,624138,Regular
C2086,Karthik Reddy,karthik.reddy86@example.com,Chennai,Tamil Nadu,607519,Occasional
C2087,Rohit Nair,rohit.nair87@example.com,Madurai,Tamil Nadu,603884,Prime
C2088,Mani Kumar,mani.kumar88@example.com,Ramanathapuram,Tamil Nadu,618732,Prime
C2089,Amit Menon,amit.menon89@example.com,Nagercoil,Tamil Nadu,604249,Occasional
C2090,Sanjay Sharma,sanjay.sharma90@example.com,Dindigul,Tamil Nadu,607448,Occasional
C2091,Kavya Menon,kavya.menon91@example.com,Ramanathapuram,Tamil Nadu,637685,Occasional
C2092,Vikram Kaur,vikram.kaur92@example.com,Salem,Tamil Nadu,640392,Regular
C2093,Divya Reddy,divya.reddy93@example.com,Nagercoil,Tamil Nadu,613266,Regular
C2094,Meena Iyer,meena.iyer94@example.com,Nagercoil,Tamil Nadu,630309,Prime
C2095,Sanjay Rao,sanjay.rao95@example.com,Nagercoil,Tamil Nadu,621522,Regular
C2096,Ajay Khan,ajay.khan96@example.com,Coimbatore,Tamil Nadu,622442,Prime
C2097,Karthik Natarajan,karthik.natarajan97@example.com,Erode,Tamil Nadu,620094,Regular
C2098,Amit Sharma,amit.sharma98@example.com,Tirunelveli,Tamil Nadu,616775,Prime
C2099,Ananya Gowda,ananya.gowda99@example.com,Tirunelveli,Tamil Nadu,619180,Occasional
C2100,Amit Kaur,amit.kaur100@example.com,Erode,Tamil Nadu,609588,Prime
C2101,Suresh Natarajan,suresh.natarajan101@example.com,Madurai,Tamil Nadu,635762,Occasional
C2102,Ajay Joseph,ajay.joseph102@example.com,Karur,Tamil Nadu,606325,Regular
C2103,Ajay Raj,ajay.raj103@example.com,Tiruchirappalli,Tamil Nadu,635605,Regular
C2104,Suresh Balaji,suresh.balaji104@example.com,Tiruchirappalli,Tamil Nadu,639278,Prime
C2105,Pooja Natarajan,pooja.natarajan105@example.com,Madurai,Tamil Nadu,604425,Regular
C2106,Vishal Nair,vishal.nair106@example.com,Salem,Tamil Nadu,614524,Regular
C2107,Neha Kaur,neha.kaur107@example.com,Coimbatore,Tamil Nadu,603631,Prime
C2108,Suresh Das,suresh.das108@example.com,Erode,Tamil Nadu,600226,Regular
C2109,Pooja Menon,pooja.menon109@example.com,Thoothukudi,Tamil Nadu,624522,Prime
C2110,Karthik Reddy,karthik.reddy110@example.com,Salem,Tamil Nadu,627464,Occasional
C2111,Ajay Natarajan,ajay.natarajan111@example.com,Vellore,Tamil Nadu,604458,Occasional
C2112,Vikram Khan,vikram.khan112@example.com,Coimbatore,Tamil Nadu,602513,Regular
C2113,Lakshmi Rao,lakshmi.rao113@example.com,Dindigul,Tamil Nadu,614314,Occasional
C2114,Meena Subramanian,meena.subramanian114@example.com,Salem,Tamil Nadu,635631,Prime
C2115,Sanjay Patel,sanjay.patel115@example.com,Madurai,Tamil Nadu,615916,Prime
C2116,Karthik Balaji,karthik.balaji116@example.com,Tiruchirappalli,Tamil Nadu,618030,Regular
C2117,Sneha Ilangovan,sneha.ilangovan117@example.com,Thoothukudi,Tamil Nadu,603567,Occasional
C2118,Sanjay Joseph,sanjay.joseph118@example.com,Salem,Tamil Nadu,607856,Regular
C2119,Neha Rao,neha.rao119@example.com,Thoothukudi,Tamil Nadu,617945,Occasional
C2120,Suresh Ilangovan,suresh.ilangovan120@example.com,Madurai,Tamil Nadu,600843,Occasional
C2121,Vikram Patel,vikram.patel121@example.com,Tirunelveli,Tamil Nadu,629531,Prime
C2122,Amit Kaur,amit.kaur122@example.com,Thoothukudi,Tamil Nadu,637948,Regular
C2123,Divya Natarajan,divya.natarajan123@example.com,Coimbatore,Tamil Nadu,630808,Prime
C2124,Kavya Balaji,kavya.balaji124@example.com,Madurai,Tamil Nadu,623479,Occasional
C2125,Sanjay Reddy,sanjay.reddy125@example.com,Vellore,Tamil Nadu,633809,Occasional
C2126,Sneha Reddy,sneha.reddy126@example.com,Thoothukudi,Tamil Nadu,605613,Regular
C2127,Divya Kaur,divya.kaur127@example.com,Ramanathapuram,Tamil Nadu,609103,Occasional
C2128,Arjun Balaji,arjun.balaji128@example.com,Dindigul,Tamil Nadu,629426,Occasional
C2129,Rohit Sharma,rohit.sharma129@example.com,Kanchipuram,Tamil Nadu,622762,Occasional
C2130,Karthik Raj,karthik.raj130@example.com,Dindigul,Tamil Nadu,627185,Occasional
C2131,Meena Khan,meena.khan131@example.com,Karur,Tamil Nadu,633178,Prime
C2132,Sneha Reddy,sneha.reddy132@example.com,Salem,Tamil Nadu,621388,Regular
C2133,Meena Kaur,meena.kaur133@example.com,Coimbatore,Tamil Nadu,605984,Regular
C2134,Vishal Menon,vishal.menon134@example.com,Madurai,Tamil Nadu,639750,Regular
C2135,Karthik Nair,karthik.nair135@example.com,Chennai,Tamil Nadu,628513,Occasional
C2136,Amit Raj,amit.raj136@example.com,Madurai,Tamil Nadu,610266,Regular
C2137,Sneha Kumar,sneha.kumar137@example.com,Thoothukudi,Tamil Nadu,611451,Regular
C2138,Priya Gowda,priya.gowda138@example.com,Erode,Tamil Nadu,623698,Prime
C2139,Ajay Subramanian,ajay.subramanian139@example.com,Tirunelveli,Tamil Nadu,605575,Regular
C2140,Suresh Singh,suresh.singh140@example.com,Vellore,Tamil Nadu,621488,Regular
C2141,Mani Natarajan,mani.natarajan141@example.com,Nagercoil,Tamil Nadu,620417,Prime
C2142,Deepa Kaur,deepa.kaur142@example.com,Vellore,Tamil Nadu,621070,Prime
C2143,Rohit Balaji,rohit.balaji143@example.com,Tiruchirappalli,Tamil Nadu,600972,Occasional
C2144,Sneha Natarajan,sneha.natarajan144@example.com,Vellore,Tamil Nadu,605774,Prime
C2145,Kavya Kumar,kavya.kumar145@example.com,Salem,Tamil Nadu,607807,Occasional
C2146,Lakshmi Sharma,lakshmi.sharma146@example.com,Vellore,Tamil Nadu,603688,Regular
C2147,Divya Raj,divya.raj147@example.com,Karur,Tamil Nadu,630413,Regular
C2148,Lakshmi Raj,lakshmi.raj148@example.com,Dindigul,Tamil Nadu,608963,Prime
C2149,Priya Raj,priya.raj149@example.com,Chennai,Tamil Nadu,602452,Regular
C2150,Pooja Natarajan,pooja.natarajan150@example.com,Dindigul,Tamil Nadu,637639,Occasional
C2151,Meena Iyer,meena.iyer151@example.com,Vellore,Tamil Nadu,631332,Regular
C2152,Neha Raj,neha.raj152@example.com,Thoothukudi,Tamil Nadu,606015,Regular
C2153,Ananya Balaji,ananya.balaji153@example.com,Tiruchirappalli,Tamil Nadu,624855,Prime
C2154,Kavya Reddy,kavya.reddy154@example.com,Chennai,Tamil Nadu,600610,Occasional
C2155,Suresh Joseph,suresh.joseph155@example.com,Tiruchirappalli,Tamil Nadu,626399,Occasional
C2156,Ajay Sharma,ajay.sharma156@example.com,Tirunelveli,Tamil Nadu,630824,Occasional
C2157,Vikram Ilangovan,vikram.ilangovan157@example.com,Madurai,Tamil Nadu,604749,Prime
C2158,Priya Subramanian,priya.subramanian158@example.com,Madurai,Tamil Nadu,632162,Occasional
C2159,Amit Patel,amit.patel159@example.com,Chennai,Tamil Nadu,610581,Occasional
C2160,Meena Rao,meena.rao160@example.com,Tirunelveli,Tamil Nadu,619132,Regular
C2161,Ananya Iyer,ananya.iyer161@example.com,Nagercoil,Tamil Nadu,637904,Regular
C2162,Divya Menon,divya.menon162@example.com,Nagercoil,Tamil Nadu,625961,Occasional
C2163,Mani Menon,mani.menon163@example.com,Dindigul,Tamil Nadu,640431,Regular
C2164,Meena Das,meena.das164@example.com,Chennai,Tamil Nadu,608005,Occasional
C2165,Vishal Reddy,vishal.reddy165@example.com,Erode,Tamil Nadu,632753,Regular
C2166,Kavya Sharma,kavya.sharma166@example.com,Nagercoil,Tamil Nadu,600556,Prime
C2167,Vikram Raj,vikram.raj167@example.com,Coimbatore,Tamil Nadu,602100,Prime
C2168,Pooja Khan,pooja.khan168@example.com,Tirunelveli,Tamil Nadu,602328,Regular
C2169,Lakshmi Rao,lakshmi.rao169@example.com,Karur,Tamil Nadu,603735,Occasional
C2170,Meena Reddy,meena.reddy170@example.com,Kanchipuram,Tamil Nadu,621928,Regular
C2171,Sanjay Gowda,sanjay.gowda171@example.com,Salem,Tamil Nadu,611870,Prime
C2172,Ananya Rao,ananya.rao172@example.com,Ramanathapuram,Tamil Nadu,602951,Regular
C2173,Karthik Menon,karthik.menon173@example.com,Kanchipuram,Tamil Nadu,619157,Regular
C2174,Deepa Ilangovan,deepa.ilangovan174@example.com,Madurai,Tamil Nadu,626492,Prime
C2175,Pooja Reddy,pooja.reddy175@example.com,Karur,Tamil Nadu,631259,Regular
C2176,Meena Ilangovan,meena.ilangovan176@example.com,Madurai,Tamil Nadu,614422,Occasional
C2177,Lakshmi Rao,lakshmi.rao177@example.com,Madurai,Tamil Nadu,634566,Prime
C2178,Neha Singh,neha.singh178@example.com,Chennai,Tamil Nadu,613701,Occasional
C2179,Lakshmi Nair,lakshmi.nair179@example.com,Thoothukudi,Tamil Nadu,625426,Regular
C2180,Priya Subramanian,priya.subramanian180@example.com,Ramanathapuram,Tamil Nadu,613288,Regular
C2181,Meena Sharma,meena.sharma181@example.com,Kanchipuram,Tamil Nadu,617757,Occasional
C2182,Vikram Natarajan,vikram.natarajan182@example.com,Ramanathapuram,Tamil Nadu,628468,Prime
C2183,Rohit Subramanian,rohit.subramanian183@example.com,Coimbatore,Tamil Nadu,607462,Occasional
C2184,Amit Patel,amit.patel184@example.com,Vellore,Tamil Nadu,607991,Regular
C2185,Ajay Kumar,ajay.kumar185@example.com,Salem,Tamil Nadu,600553,Regular
C2186,Meena Kaur,meena.kaur186@example.com,Ramanathapuram,Tamil Nadu,618956,Regular
C2187,Pooja Natarajan,pooja.natarajan187@example.com,Coimbatore,Tamil Nadu,636509,Regular
C2188,Suresh Raj,suresh.raj188@example.com,Kanchipuram,Tamil Nadu,621132,Regular
C2189,Ajay Das,ajay.das189@example.com,Dindigul,Tamil Nadu,613398,Regular
C2190,Kavya Joseph,kavya.joseph190@example.com,Chennai,Tamil Nadu,606084,Regular
C2191,Sneha Das,sneha.das191@example.com,Tiruchirappalli,Tamil Nadu,634316,Prime
C2192,Pooja Ilangovan,pooja.ilangovan192@example.com,Salem,Tamil Nadu,622866,Regular
C2193,Kavya Balaji,kavya.balaji193@example.com,Coimbatore,Tamil Nadu,608957,Regular
C2194,Vikram Reddy,vikram.reddy194@example.com,Vellore,Tamil Nadu,609111,Occasional
C2195,Deepa Kaur,deepa.kaur195@example.com,Coimbatore,Tamil Nadu,624580,Occasional
C2196,Amit Rao,amit.rao196@example.com,Salem,Tamil Nadu,640950,Occasional
C2197,Amit Das,amit.das197@example.com,Kanchipuram,Tamil Nadu,603742,Prime
C2198,Kavya Singh,kavya.singh198@example.com,Thoothukudi,Tamil Nadu,617794,Occasional
C2199,Kavya Subramanian,kavya.subramanian199@example.com,Nagercoil,Tamil Nadu,611832,Prime
C2200,Suresh Subramanian,suresh.subramanian200@example.com,Chennai,Tamil Nadu,639052,Regular
C2201,Rohit Nair,rohit.nair201@example.com,Ramanathapuram,Tamil Nadu,626162,Regular
C2202,Kavya Das,kavya.das202@example.com,Karur,Tamil Nadu,627225,Prime
C2203,Sanjay Das,sanjay.das203@example.com,Erode,Tamil Nadu,640516,Prime
C2204,Kavya Reddy,kavya.reddy204@example.com,Erode,Tamil Nadu,620633,Prime
C2205,Deepa Kumar,deepa.kumar205@example.com,Karur,Tamil Nadu,635028,Prime
C2206,Arjun Raj,arjun.raj206@example.com,Kanchipuram,Tamil Nadu,629141,Occasional
C2207,Ajay Joseph,ajay.joseph207@example.com,Erode,Tamil Nadu,607561,Prime
C2208,Pooja Das,pooja.das208@example.com,Madurai,Tamil Nadu,628946,Occasional
C2209,Vikram Kaur,vikram.kaur209@example.com,Coimbatore,Tamil Nadu,612950,Occasional
C2210,Deepa Subramanian,deepa.subramanian210@example.com,Kanchipuram,Tamil Nadu,640097,Occasional
C2211,Karthik Raj,karthik.raj211@example.com,Madurai,Tamil Nadu,624536,Prime
C2212,Sanjay Joseph,sanjay.joseph212@example.com,Tirunelveli,Tamil Nadu,636345,Regular
C2213,Priya Raj,priya.raj213@example.com,Kanchipuram,Tamil Nadu,631874,Occasional
C2214,Pooja Singh,pooja.singh214@example.com,Nagercoil,Tamil Nadu,624245,Regular
C2215,Vishal Singh,vishal.singh215@example.com,Tiruchirappalli,Tamil Nadu,607616,Occasional
C2216,Meena Natarajan,meena.natarajan216@example.com,Dindigul,Tamil Nadu,603401,Regular
C2217,Sneha Khan,sneha.khan217@example.com,Vellore,Tamil Nadu,640985,Occasional
C2218,Kavya Reddy,kavya.reddy218@example.com,Ramanathapuram,Tamil Nadu,616316,Occasional
C2219,Mani Patel,mani.patel219@example.com,Erode,Tamil Nadu,637207,Occasional
C2220,Pooja Khan,pooja.khan220@example.com,Nagercoil,Tamil Nadu,631560,Prime
C2221,Divya Natarajan,divya.natarajan221@example.com,Tiruchirappalli,Tamil Nadu,611211,Occasional
C2222,Ananya Patel,ananya.patel222@example.com,Karur,Tamil Nadu,611742,Prime
C2223,Vishal Reddy,vishal.reddy223@example.com,Kanchipuram,Tamil Nadu,636558,Occasional
C2224,Arjun Reddy,arjun.reddy224@example.com,Coimbatore,Tamil Nadu,613983,Regular
C2225,Ananya Singh,ananya.singh225@example.com,Ramanathapuram,Tamil Nadu,620210,Occasional
C2226,Mani Natarajan,mani.natarajan226@example.com,Tiruchirappalli,Tamil Nadu,614924,Regular
C2227,Amit Khan,amit.khan227@example.com,Coimbatore,Tamil Nadu,603825,Prime
C2228,Sanjay Balaji,sanjay.balaji228@example.com,Tiruchirappalli,Tamil Nadu,604012,Occasional
C2229,Sanjay Reddy,sanjay.reddy229@example.com,Chennai,Tamil Nadu,638197,Prime
C2230,Sanjay Kaur,sanjay.kaur230@example.com,Karur,Tamil Nadu,626810,Occasional
C2231,Amit Natarajan,amit.natarajan231@example.com,Chennai,Tamil Nadu,637393,Occasional
C2232,Rohit Balaji,rohit.balaji232@example.com,Erode,Tamil Nadu,611088,Prime
C2233,Divya Ilangovan,divya.ilangovan233@example.com,Tiruchirappalli,Tamil Nadu,627250,Regular
C2234,Divya Khan,divya.khan234@example.com,Coimbatore,Tamil Nadu,632358,Regular
C2235,Priya Kaur,priya.kaur235@example.com,Coimbatore,Tamil Nadu,628841,Occasional
C2236,Neha Joseph,neha.joseph236@example.com,Ramanathapuram,Tamil Nadu,611109,Prime
C2237,Deepa Ilangovan,deepa.ilangovan237@example.com,Coimbatore,Tamil Nadu,626156,Occasional
C2238,Divya Subramanian,divya.subramanian238@example.com,Karur,Tamil Nadu,640690,Regular
C2239,Neha Iyer,neha.iyer239@example.com,Madurai,Tamil Nadu,617093,Occasional
C2240,Ananya Nair,ananya.nair240@example.com,Nagercoil,Tamil Nadu,611209,Regular
C2241,Lakshmi Reddy,lakshmi.reddy241@example.com,Erode,Tamil Nadu,611266,Regular
C2242,Sanjay Nair,sanjay.nair242@example.com,Thoothukudi,Tamil Nadu,621561,Regular
C2243,Lakshmi Khan,lakshmi.khan243@example.com,Madurai,Tamil Nadu,610921,Occasional
C2244,Divya Ilangovan,divya.ilangovan244@example.com,Coimbatore,Tamil Nadu,611513,Occasional
C2245,Sneha Joseph,sneha.joseph245@example.com,Madurai,Tamil Nadu,600929,Regular
C2246,Ajay Kumar,ajay.kumar246@example.com,Vellore,Tamil Nadu,634502,Regular
C2247,Lakshmi Nair,lakshmi.nair247@example.com,Chennai,Tamil Nadu,629246,Prime
C2248,Meena Singh,meena.singh248@example.com,Madurai,Tamil Nadu,612533,Regular
C2249,Neha Joseph,neha.joseph249@example.com,Madurai,Tamil Nadu,627830,Occasional
C2250,Vishal Kumar,vishal.kumar250@example.com,Dindigul,Tamil Nadu,624285,Regular
C2251,Rohit Kaur,rohit.kaur251@example.com,Madurai,Tamil Nadu,623716,Prime
C2252,Priya Nair,priya.nair252@example.com,Tirunelveli,Tamil Nadu,624590,Regular
C2253,Sanjay Kumar,sanjay.kumar253@example.com,Tirunelveli,Tamil Nadu,624865,Regular
C2254,Lakshmi Singh,lakshmi.singh254@example.com,Coimbatore,Tamil Nadu,606533,Occasional
C2255,Sneha Rao,sneha.rao255@example.com,Madurai,Tamil Nadu,613105,Regular
C2256,Ajay Reddy,ajay.reddy256@example.com,Karur,Tamil Nadu,610989,Regular
C2257,Priya Balaji,priya.balaji257@example.com,Vellore,Tamil Nadu,605761,Occasional
C2258,Suresh Kumar,suresh.kumar258@example.com,Thoothukudi,Tamil Nadu,635441,Occasional
C2259,Lakshmi Sharma,lakshmi.sharma259@example.com,Dindigul,Tamil Nadu,636858,Prime
C2260,Divya Kumar,divya.kumar260@example.com,Kanchipuram,Tamil Nadu,627358,Prime
C2261,Vikram Menon,vikram.menon261@example.com,Vellore,Tamil Nadu,614171,Occasional
C2262,Amit Patel,amit.patel262@example.com,Kanchipuram,Tamil Nadu,632357,Occasional
C2263,Vishal Patel,vishal.patel263@example.com,Salem,Tamil Nadu,612633,Occasional
C2264,Deepa Kumar,deepa.kumar264@example.com,Salem,Tamil Nadu,613436,Prime
C2265,Amit Ilangovan,amit.ilangovan265@example.com,Tirunelveli,Tamil Nadu,605072,Regular
C2266,Suresh Gowda,suresh.gowda266@example.com,Vellore,Tamil Nadu,613137,Occasional
C2267,Neha Sharma,neha.sharma267@example.com,Coimbatore,Tamil Nadu,602077,Prime
C2268,Sanjay Subramanian,sanjay.subramanian268@example.com,Vellore,Tamil Nadu,626214,Prime
C2269,Arjun Raj,arjun.raj269@example.com,Nagercoil,Tamil Nadu,637017,Prime
C2270,Priya Balaji,priya.balaji270@example.com,Tiruchirappalli,Tamil Nadu,616570,Occasional
C2271,Arjun Khan,arjun.khan271@example.com,Erode,Tamil Nadu,622188,Prime
C2272,Amit Nair,amit.nair272@example.com,Ramanathapuram,Tamil Nadu,610275,Occasional
C2273,Sanjay Nair,sanjay.nair273@example.com,Salem,Tamil Nadu,623697,Prime
C2274,Priya Singh,priya.singh274@example.com,Tirunelveli,Tamil Nadu,623268,Regular
C2275,Kavya Kumar,kavya.kumar275@example.com,Thoothukudi,Tamil Nadu,640081,Occasional
C2276,Ananya Rao,ananya.rao276@example.com,Ramanathapuram,Tamil Nadu,605746,Occasional
C2277,Sanjay Ilangovan,sanjay.ilangovan277@example.com,Erode,Tamil Nadu,616797,Prime
C2278,Lakshmi Raj,lakshmi.raj278@example.com,Madurai,Tamil Nadu,633837,Regular
C2279,Mani Kaur,mani.kaur279@example.com,Coimbatore,Tamil Nadu,630959,Regular
C2280,Rohit Patel,rohit.patel280@example.com,Salem,Tamil Nadu,621460,Prime
C2281,Amit Rao,amit.rao281@example.com,Madurai,Tamil Nadu,639075,Occasional
C2282,Karthik Subramanian,karthik.subramanian282@example.com,Dindigul,Tamil Nadu,638100,Regular
C2283,Meena Rao,meena.rao283@example.com,Thoothukudi,Tamil Nadu,612749,Prime
C2284,Ananya Das,ananya.das284@example.com,Tirunelveli,Tamil Nadu,627416,Regular
C2285,Vikram Joseph,vikram.joseph285@example.com,Salem,Tamil Nadu,640277,Occasional
C2286,Ananya Kaur,ananya.kaur286@example.com,Vellore,Tamil Nadu,611195,Regular
C2287,Vishal Balaji,vishal.balaji287@example.com,Tirunelveli,Tamil Nadu,627473,Prime
C2288,Lakshmi Reddy,lakshmi.reddy288@example.com,Chennai,Tamil Nadu,634804,Regular
C2289,Deepa Raj,deepa.raj289@example.com,Dindigul,Tamil Nadu,616556,Occasional
C2290,Karthik Sharma,karthik.sharma290@example.com,Ramanathapuram,Tamil Nadu,632208,Occasional
C2291,Vikram Rao,vikram.rao291@example.com,Kanchipuram,Tamil Nadu,633437,Occasional
C2292,Kavya Subramanian,kavya.subramanian292@example.com,Tirunelveli,Tamil Nadu,634130,Prime
C2293,Lakshmi Kumar,lakshmi.kumar293@example.com,Madurai,Tamil Nadu,635663,Regular
C2294,Meena Kaur,meena.kaur294@example.com,Tirunelveli,Tamil Nadu,600575,Prime
C2295,Ajay Kumar,ajay.kumar295@example.com,Kanchipuram,Tamil Nadu,640138,Prime
C2296,Arjun Subramanian,arjun.subramanian296@example.com,Ramanathapuram,Tamil Nadu,639943,Regular
C2297,Meena Rao,meena.rao297@example.com,Nagercoil,Tamil Nadu,621984,Regular
C2298,Lakshmi Ilangovan,lakshmi.ilangovan298@example.com,Nagercoil,Tamil Nadu,625127,Occasional
C2299,Mani Kumar,mani.kumar299@example.com,Ramanathapuram,Tamil Nadu,636934,Regular
C2300,Amit Natarajan,amit.natarajan300@example.com,Chennai,Tamil Nadu,614524,Prime
C2301,Meena Kumar,meena.kumar301@example.com,Tirunelveli,Tamil Nadu,640563,Regular
C2302,Amit Sharma,amit.sharma302@example.com,Ramanathapuram,Tamil Nadu,633815,Regular
C2303,Deepa Subramanian,deepa.subramanian303@example.com,Madurai,Tamil Nadu,633022,Regular
C2304,Pooja Das,pooja.das304@example.com,Karur,Tamil Nadu,620449,Regular
C2305,Sanjay Kaur,sanjay.kaur305@example.com,Erode,Tamil Nadu,637205,Occasional
C2306,Vikram Kaur,vikram.kaur306@example.com,Erode,Tamil Nadu,609525,Regular
C2307,Suresh Subramanian,suresh.subramanian307@example.com,Dindigul,Tamil Nadu,638529,Occasional
C2308,Ajay Balaji,ajay.balaji308@example.com,Coimbatore,Tamil Nadu,631038,Prime
C2309,Sneha Joseph,sneha.joseph309@example.com,Tiruchirappalli,Tamil Nadu,612805,Prime
C2310,Karthik Subramanian,karthik.subramanian310@example.com,Coimbatore,Tamil Nadu,628768,Regular
C2311,Ananya Natarajan,ananya.natarajan311@example.com,Dindigul,Tamil Nadu,600825,Regular
C2312,Arjun Singh,arjun.singh312@example.com,Tirunelveli,Tamil Nadu,607045,Occasional
C2313,Deepa Subramanian,deepa.subramanian313@example.com,Thoothukudi,Tamil Nadu,612772,Occasional
C2314,Sneha Kumar,sneha.kumar314@example.com,Coimbatore,Tamil Nadu,630787,Prime
C2315,Sneha Singh,sneha.singh315@example.com,Madurai,Tamil Nadu,607195,Occasional
C2316,Kavya Nair,kavya.nair316@example.com,Salem,Tamil Nadu,619076,Prime
C2317,Deepa Ilangovan,deepa.ilangovan317@example.com,Tirunelveli,Tamil Nadu,621092,Occasional
C2318,Sanjay Iyer,sanjay.iyer318@example.com,Madurai,Tamil Nadu,622806,Prime
C2319,Priya Ilangovan,priya.ilangovan319@example.com,Chennai,Tamil Nadu,624346,Prime
C2320,Divya Rao,divya.rao320@example.com,Nagercoil,Tamil Nadu,612002,Occasional
C2321,Priya Iyer,priya.iyer321@example.com,Tiruchirappalli,Tamil Nadu,624521,Prime
C2322,Suresh Nair,suresh.nair322@example.com,Coimbatore,Tamil Nadu,606585,Occasional
C2323,Rohit Kaur,rohit.kaur323@example.com,Madurai,Tamil Nadu,609413,Prime
C2324,Lakshmi Kaur,lakshmi.kaur324@example.com,Tiruchirappalli,Tamil Nadu,628543,Prime
C2325,Pooja Patel,pooja.patel325@example.com,Nagercoil,Tamil Nadu,604684,Prime
C2326,Karthik Das,karthik.das326@example.com,Kanchipuram,Tamil Nadu,608698,Occasional
C2327,Vishal Iyer,vishal.iyer327@example.com,Salem,Tamil Nadu,611964,Regular
C2328,Vikram Reddy,vikram.reddy328@example.com,Karur,Tamil Nadu,629970,Occasional
C2329,Ananya Rao,ananya.rao329@example.com,Erode,Tamil Nadu,622254,Prime
C2330,Sneha Joseph,sneha.joseph330@example.com,Vellore,Tamil Nadu,614809,Occasional
C2331,Vikram Khan,vikram.khan331@example.com,Dindigul,Tamil Nadu,611119,Occasional
C2332,Amit Patel,amit.patel332@example.com,Tirunelveli,Tamil Nadu,608893,Occasional
C2333,Lakshmi Das,lakshmi.das333@example.com,Ramanathapuram,Tamil Nadu,612996,Occasional
C2334,Pooja Natarajan,pooja.natarajan334@example.com,Madurai,Tamil Nadu,607844,Prime
C2335,Neha Natarajan,neha.natarajan335@example.com,Dindigul,Tamil Nadu,618131,Occasional
C2336,Vikram Joseph,vikram.joseph336@example.com,Nagercoil,Tamil Nadu,615679,Regular
C2337,Lakshmi Ilangovan,lakshmi.ilangovan337@example.com,Tiruchirappalli,Tamil Nadu,620111,Prime
C2338,Pooja Das,pooja.das338@example.com,Tiruchirappalli,Tamil Nadu,600315,Regular
C2339,Vishal Gowda,vishal.gowda339@example.com,Nagercoil,Tamil Nadu,631064,Regular
C2340,Kavya Singh,kavya.singh340@example.com,Nagercoil,Tamil Nadu,604675,Regular
C2341,Karthik Khan,karthik.khan341@example.com,Tirunelveli,Tamil Nadu,603426,Occasional
C2342,Deepa Rao,deepa.rao342@example.com,Karur,Tamil Nadu,619346,Prime
C2343,Ajay Reddy,ajay.reddy343@example.com,Kanchipuram,Tamil Nadu,610818,Regular
C2344,Sanjay Iyer,sanjay.iyer344@example.com,Tiruchirappalli,Tamil Nadu,640640,Prime
C2345,Divya Ilangovan,divya.ilangovan345@example.com,Madurai,Tamil Nadu,623970,Occasional
C2346,Divya Iyer,divya.iyer346@example.com,Erode,Tamil Nadu,629548,Prime
C2347,Ajay Menon,ajay.menon347@example.com,Ramanathapuram,Tamil Nadu,635901,Occasional
C2348,Vikram Kumar,vikram.kumar348@example.com,Kanchipuram,Tamil Nadu,610039,Prime
C2349,Divya Joseph,divya.joseph349@example.com,Karur,Tamil Nadu,614942,Occasional
C2350,Sanjay Ilangovan,sanjay.ilangovan350@example.com,Coimbatore,Tamil Nadu,622641,Regular
C2351,Deepa Raj,deepa.raj351@example.com,Tirunelveli,Tamil Nadu,606300,Prime
C2352,Mani Gowda,mani.gowda352@example.com,Ramanathapuram,Tamil Nadu,606029,Prime
C2353,Meena Balaji,meena.balaji353@example.com,Kanchipuram,Tamil Nadu,615890,Prime
C2354,Rohit Kaur,rohit.kaur354@example.com,Kanchipuram,Tamil Nadu,604715,Regular
C2355,Kavya Joseph,kavya.joseph355@example.com,Ramanathapuram,Tamil Nadu,624405,Occasional
C2356,Sneha Singh,sneha.singh356@example.com,Coimbatore,Tamil Nadu,622974,Occasional
C2357,Sanjay Subramanian,sanjay.subramanian357@example.com,Chennai,Tamil Nadu,630353,Prime
C2358,Kavya Sharma,kavya.sharma358@example.com,Erode,Tamil Nadu,622035,Occasional
C2359,Meena Khan,meena.khan359@example.com,Tirunelveli,Tamil Nadu,610664,Regular
C2360,Vishal Balaji,vishal.balaji360@example.com,Thoothukudi,Tamil Nadu,634591,Prime
C2361,Amit Sharma,amit.sharma361@example.com,Tiruchirappalli,Tamil Nadu,604488,Prime
C2362,Suresh Raj,suresh.raj362@example.com,Tiruchirappalli,Tamil Nadu,629728,Prime
C2363,Mani Khan,mani.khan363@example.com,Vellore,Tamil Nadu,627772,Occasional
C2364,Amit Raj,amit.raj364@example.com,Vellore,Tamil Nadu,629213,Occasional
C2365,Divya Reddy,divya.reddy365@example.com,Dindigul,Tamil Nadu,639840,Regular
C2366,Kavya Natarajan,kavya.natarajan366@example.com,Chennai,Tamil Nadu,623587,Occasional
C2367,Deepa Gowda,deepa.gowda367@example.com,Nagercoil,Tamil Nadu,611388,Regular
C2368,Pooja Patel,pooja.patel368@example.com,Ramanathapuram,Tamil Nadu,618568,Prime
C2369,Deepa Reddy,deepa.reddy369@example.com,Tirunelveli,Tamil Nadu,601074,Prime
C2370,Mani Natarajan,mani.natarajan370@example.com,Erode,Tamil Nadu,619964,Occasional
C2371,Divya Kaur,divya.kaur371@example.com,Madurai,Tamil Nadu,621938,Occasional
C2372,Priya Rao,priya.rao372@example.com,Kanchipuram,Tamil Nadu,608271,Prime
C2373,Suresh Kaur,suresh.kaur373@example.com,Kanchipuram,Tamil Nadu,611725,Occasional
C2374,Sanjay Nair,sanjay.nair374@example.com,Ramanathapuram,Tamil Nadu,603366,Prime
C2375,Vishal Reddy,vishal.reddy375@example.com,Karur,Tamil Nadu,620503,Occasional
C2376,Ajay Rao,ajay.rao376@example.com,Chennai,Tamil Nadu,600468,Prime
C2377,Suresh Das,suresh.das377@example.com,Salem,Tamil Nadu,621302,Regular
C2378,Mani Iyer,mani.iyer378@example.com,Tirunelveli,Tamil Nadu,609968,Regular
C2379,Deepa Nair,deepa.nair379@example.com,Vellore,Tamil Nadu,608711,Prime
C2380,Pooja Sharma,pooja.sharma380@example.com,Tirunelveli,Tamil Nadu,637929,Occasional
C2381,Lakshmi Rao,lakshmi.rao381@example.com,Coimbatore,Tamil Nadu,618398,Prime
C2382,Arjun Joseph,arjun.joseph382@example.com,Thoothukudi,Tamil Nadu,629017,Regular
C2383,Rohit Das,rohit.das383@example.com,Erode,Tamil Nadu,611540,Occasional
C2384,Deepa Sharma,deepa.sharma384@example.com,Kanchipuram,Tamil Nadu,639450,Occasional
C2385,Mani Reddy,mani.reddy385@example.com,Karur,Tamil Nadu,628429,Regular
C2386,Kavya Natarajan,kavya.natarajan386@example.com,Nagercoil,Tamil Nadu,629850,Regular
C2387,Lakshmi Reddy,lakshmi.reddy387@example.com,Madurai,Tamil Nadu,624255,Occasional
C2388,Pooja Joseph,pooja.joseph388@example.com,Kanchipuram,Tamil Nadu,632263,Occasional
C2389,Mani Balaji,mani.balaji389@example.com,Madurai,Tamil Nadu,631792,Prime
C2390,Kavya Singh,kavya.singh390@example.com,Erode,Tamil Nadu,616530,Occasional
C2391,Neha Singh,neha.singh391@example.com,Tirunelveli,Tamil Nadu,619222,Prime
C2392,Deepa Sharma,deepa.sharma392@example.com,Karur,Tamil Nadu,633016,Prime
C2393,Suresh Balaji,suresh.balaji393@example.com,Nagercoil,Tamil Nadu,607115,Regular
C2394,Ananya Balaji,ananya.balaji394@example.com,Ramanathapuram,Tamil Nadu,633930,Regular
C2395,Vikram Iyer,vikram.iyer395@example.com,Erode,Tamil Nadu,611699,Prime
C2396,Kavya Menon,kavya.menon396@example.com,Thoothukudi,Tamil Nadu,600627,Regular
C2397,Priya Iyer,priya.iyer397@example.com,Kanchipuram,Tamil Nadu,628983,Prime
C2398,Vishal Gowda,vishal.gowda398@example.com,Kanchipuram,Tamil Nadu,636042,Occasional
C2399,Kavya Balaji,kavya.balaji399@example.com,Coimbatore,Tamil Nadu,632163,Prime
C2400,Pooja Patel,pooja.patel400@example.com,Madurai,Tamil Nadu,632291,Regular
C2401,Ajay Reddy,ajay.reddy401@example.com,Erode,Tamil Nadu,601055,Occasional
C2402,Vishal Das,vishal.das402@example.com,Vellore,Tamil Nadu,601000,Regular
C2403,Amit Sharma,amit.sharma403@example.com,Nagercoil,Tamil Nadu,637923,Occasional
C2404,Deepa Patel,deepa.patel404@example.com,Madurai,Tamil Nadu,630520,Prime
C2405,Ananya Ilangovan,ananya.ilangovan405@example.com,Ramanathapuram,Tamil Nadu,600355,Occasional
C2406,Priya Ilangovan,priya.ilangovan406@example.com,Dindigul,Tamil Nadu,639959,Occasional
C2407,Deepa Nair,deepa.nair407@example.com,Thoothukudi,Tamil Nadu,606173,Regular
C2408,Sanjay Singh,sanjay.singh408@example.com,Coimbatore,Tamil Nadu,608512,Regular
C2409,Deepa Das,deepa.das409@example.com,Erode,Tamil Nadu,625316,Regular
C2410,Divya Patel,divya.patel410@example.com,Nagercoil,Tamil Nadu,601037,Regular
C2411,Sanjay Singh,sanjay.singh411@example.com,Chennai,Tamil Nadu,623243,Occasional
C2412,Vikram Gowda,vikram.gowda412@example.com,Vellore,Tamil Nadu,635791,Occasional
C2413,Mani Balaji,mani.balaji413@example.com,Tirunelveli,Tamil Nadu,609134,Prime
C2414,Karthik Menon,karthik.menon414@example.com,Thoothukudi,Tamil Nadu,630753,Occasional
C2415,Divya Subramanian,divya.subramanian415@example.com,Tiruchirappalli,Tamil Nadu,623332,Prime
C2416,Suresh Menon,suresh.menon416@example.com,Salem,Tamil Nadu,626189,Regular
C2417,Vishal Sharma,vishal.sharma417@example.com,Tirunelveli,Tamil Nadu,635091,Occasional
C2418,Karthik Singh,karthik.singh418@example.com,Vellore,Tamil Nadu,607272,Prime
C2419,Meena Subramanian,meena.subramanian419@example.com,Chennai,Tamil Nadu,637075,Regular
C2420,Lakshmi Kaur,lakshmi.kaur420@example.com,Tiruchirappalli,Tamil Nadu,617867,Occasional
C2421,Karthik Natarajan,karthik.natarajan421@example.com,Erode,Tamil Nadu,639477,Occasional
C2422,Sanjay Menon,sanjay.menon422@example.com,Nagercoil,Tamil Nadu,605445,Occasional
C2423,Amit Iyer,amit.iyer423@example.com,Erode,Tamil Nadu,610630,Prime
C2424,Neha Balaji,neha.balaji424@example.com,Madurai,Tamil Nadu,639027,Regular
C2425,Lakshmi Singh,lakshmi.singh425@example.com,Nagercoil,Tamil Nadu,621608,Regular
C2426,Vishal Das,vishal.das426@example.com,Coimbatore,Tamil Nadu,617692,Prime
C2427,Kavya Sharma,kavya.sharma427@example.com,Tirunelveli,Tamil Nadu,628228,Occasional
C2428,Lakshmi Kaur,lakshmi.kaur428@example.com,Nagercoil,Tamil Nadu,627269,Occasional
C2429,Lakshmi Natarajan,lakshmi.natarajan429@example.com,Dindigul,Tamil Nadu,626038,Occasional
C2430,Karthik Gowda,karthik.gowda430@example.com,Madurai,Tamil Nadu,624283,Regular
C2431,Vikram Rao,vikram.rao431@example.com,Coimbatore,Tamil Nadu,629950,Prime
C2432,Karthik Joseph,karthik.joseph432@example.com,Tiruchirappalli,Tamil Nadu,615475,Occasional
C2433,Vikram Iyer,vikram.iyer433@example.com,Vellore,Tamil Nadu,640833,Prime
C2434,Rohit Subramanian,rohit.subramanian434@example.com,Madurai,Tamil Nadu,636087,Regular
C2435,Arjun Das,arjun.das435@example.com,Dindigul,Tamil Nadu,640826,Occasional
C2436,Mani Rao,mani.rao436@example.com,Karur,Tamil Nadu,617280,Regular
C2437,Sanjay Balaji,sanjay.balaji437@example.com,Ramanathapuram,Tamil Nadu,616265,Regular
C2438,Rohit Das,rohit.das438@example.com,Erode,Tamil Nadu,637064,Prime
C2439,Meena Rao,meena.rao439@example.com,Dindigul,Tamil Nadu,612396,Prime
C2440,Pooja Kumar,pooja.kumar440@example.com,Tirunelveli,Tamil Nadu,636249,Prime
C2441,Divya Khan,divya.khan441@example.com,Vellore,Tamil Nadu,629663,Regular
C2442,Pooja Balaji,pooja.balaji442@example.com,Ramanathapuram,Tamil Nadu,607231,Regular
C2443,Suresh Balaji,suresh.balaji443@example.com,Chennai,Tamil Nadu,621388,Occasional
C2444,Neha Joseph,neha.joseph444@example.com,Tirunelveli,Tamil Nadu,632811,Prime
C2445,Lakshmi Gowda,lakshmi.gowda445@example.com,Tirunelveli,Tamil Nadu,601119,Regular
C2446,Lakshmi Kumar,lakshmi.kumar446@example.com,Madurai,Tamil Nadu,637869,Occasional
C2447,Rohit Joseph,rohit.joseph447@example.com,Thoothukudi,Tamil Nadu,622919,Occasional
C2448,Mani Kumar,mani.kumar448@example.com,Salem,Tamil Nadu,609657,Occasional
C2449,Divya Iyer,divya.iyer449@example.com,Erode,Tamil Nadu,622395,Regular
C2450,Ajay Iyer,ajay.iyer450@example.com,Karur,Tamil Nadu,630641,Prime
C2451,Sneha Nair,sneha.nair451@example.com,Nagercoil,Tamil Nadu,607083,Occasional
C2452,Vishal Patel,vishal.patel452@example.com,Chennai,Tamil Nadu,614943,Occasional
C2453,Ajay Sharma,ajay.sharma453@example.com,Ramanathapuram,Tamil Nadu,600599,Occasional
C2454,Suresh Rao,suresh.rao454@example.com,Karur,Tamil Nadu,622639,Regular
C2455,Meena Natarajan,meena.natarajan455@example.com,Coimbatore,Tamil Nadu,607873,Occasional
C2456,Karthik Balaji,karthik.balaji456@example.com,Chennai,Tamil Nadu,622068,Regular
C2457,Arjun Das,arjun.das457@example.com,Dindigul,Tamil Nadu,626133,Regular
C2458,Suresh Rao,suresh.rao458@example.com,Salem,Tamil Nadu,620706,Occasional
C2459,Sneha Reddy,sneha.reddy459@example.com,Tiruchirappalli,Tamil Nadu,628136,Prime
C2460,Neha Sharma,neha.sharma460@example.com,Tirunelveli,Tamil Nadu,613142,Occasional
C2461,Vikram Rao,vikram.rao461@example.com,Tirunelveli,Tamil Nadu,626983,Regular
C2462,Lakshmi Natarajan,lakshmi.natarajan462@example.com,Ramanathapuram,Tamil Nadu,619030,Prime
C2463,Ajay Singh,ajay.singh463@example.com,Kanchipuram,Tamil Nadu,632253,Occasional
C2464,Suresh Ilangovan,suresh.ilangovan464@example.com,Karur,Tamil Nadu,609636,Regular
C2465,Ananya Kumar,ananya.kumar465@example.com,Ramanathapuram,Tamil Nadu,628809,Prime
C2466,Lakshmi Das,lakshmi.das466@example.com,Vellore,Tamil Nadu,629768,Occasional
C2467,Divya Singh,divya.singh467@example.com,Kanchipuram,Tamil Nadu,633299,Regular
C2468,Priya Das,priya.das468@example.com,Chennai,Tamil Nadu,621637,Occasional
C2469,Sneha Ilangovan,sneha.ilangovan469@example.com,Nagercoil,Tamil Nadu,633230,Occasional
C2470,Sneha Nair,sneha.nair470@example.com,Karur,Tamil Nadu,625941,Prime
C2471,Priya Khan,priya.khan471@example.com,Tirunelveli,Tamil Nadu,626963,Occasional
C2472,Lakshmi Sharma,lakshmi.sharma472@example.com,Chennai,Tamil Nadu,602297,Prime
C2473,Rohit Gowda,rohit.gowda473@example.com,Thoothukudi,Tamil Nadu,633535,Prime
C2474,Ajay Subramanian,ajay.subramanian474@example.com,Kanchipuram,Tamil Nadu,634705,Occasional
C2475,Divya Sharma,divya.sharma475@example.com,Madurai,Tamil Nadu,611226,Prime
C2476,Sanjay Gowda,sanjay.gowda476@example.com,Chennai,Tamil Nadu,636960,Prime
C2477,Lakshmi Reddy,lakshmi.reddy477@example.com,Madurai,Tamil Nadu,614731,Regular
C2478,Ajay Menon,ajay.menon478@example.com,Erode,Tamil Nadu,630330,Occasional
C2479,Sanjay Kaur,sanjay.kaur479@example.com,Dindigul,Tamil Nadu,608875,Prime
C2480,Vishal Gowda,vishal.gowda480@example.com,Thoothukudi,Tamil Nadu,636679,Regular
C2481,Pooja Ilangovan,pooja.ilangovan481@example.com,Madurai,Tamil Nadu,639177,Regular
C2482,Sneha Patel,sneha.patel482@example.com,Kanchipuram,Tamil Nadu,639321,Regular
C2483,Ajay Reddy,ajay.reddy483@example.com,Madurai,Tamil Nadu,634493,Prime
C2484,Lakshmi Menon,lakshmi.menon484@example.com,Karur,Tamil Nadu,633909,Occasional
C2485,Divya Sharma,divya.sharma485@example.com,Coimbatore,Tamil Nadu,624243,Occasional
C2486,Amit Nair,amit.nair486@example.com,Tiruchirappalli,Tamil Nadu,635852,Regular
C2487,Ananya Khan,ananya.khan487@example.com,Erode,Tamil Nadu,625414,Prime
C2488,Deepa Reddy,deepa.reddy488@example.com,Kanchipuram,Tamil Nadu,635146,Regular
C2489,Ajay Subramanian,ajay.subramanian489@example.com,Dindigul,Tamil Nadu,638932,Regular
C2490,Vishal Raj,vishal.raj490@example.com,Nagercoil,Tamil Nadu,602030,Prime
C2491,Deepa Patel,deepa.patel491@example.com,Erode,Tamil Nadu,636130,Occasional
C2492,Pooja Reddy,pooja.reddy492@example.com,Thoothukudi,Tamil Nadu,613209,Regular
C2493,Divya Ilangovan,divya.ilangovan493@example.com,Tirunelveli,Tamil Nadu,621173,Regular
C2494,Lakshmi Nair,lakshmi.nair494@example.com,Tiruchirappalli,Tamil Nadu,600630,Occasional
C2495,Vishal Sharma,vishal.sharma495@example.com,Chennai,Tamil Nadu,619223,Occasional
C2496,Divya Iyer,divya.iyer496@example.com,Salem,Tamil Nadu,602860,Occasional
C2497,Ajay Ilangovan,ajay.ilangovan497@example.com,Nagercoil,Tamil Nadu,618269,Occasional
C2498,Mani Reddy,mani.reddy498@example.com,Erode,Tamil Nadu,632989,Regular
C2499,Sneha Natarajan,sneha.natarajan499@example.com,Nagercoil,Tamil Nadu,632554,Prime
C2500,Neha Patel,neha.patel500@example.com,Nagercoil,Tamil Nadu,622358,Prime
